Eski URL,Yeni URL,Yönlendirme Türü,Yönlendirme Durumu,Notlar
/ar/sozlesmeler/mesafeli-satis-sozlesmesi,/,Tek Yönlendirme,Aktif,
/en/post/how-to-create-content-secrets-and-roadmap-to-social-media-content-creationdescription,/en,Tek Yönlendirme,Aktif,
/de/paketlerimiz,/,Tek Yönlendirme,Aktif,
/ar/portfolyo-cv-web-siteleri,/,Tek Yönlendirme,Aktif,
/guncel-haberler/qnb-finansbank-posunu-wixte-kullanma,/post/wix-sanal-pos-entegrasyonu,Tek Yönlendirme,Aktif,
/hizmetlerimiz-1/kurumsal-kimlik-çalışması,/kurumsal-web-tasarim,Tek Yönlendirme,Aktif,
/seo-hizmetleri/backlink-olusturma/backlink-paketleri,/backlink-paketleri,Tek Yönlendirme,Aktif,
/sozlesmeler/iptal-ve-iade-politikasi,/sozlesmeler/kullanim-kosullari,Tek Yönlendirme,Aktif,
/de,/en,Tek Yönlendirme,Aktif,
/gizlilik-ve-güvenlik-politikası,/sozlesmeler/gizlilik-politikasi,Tek Yönlendirme,Aktif,
/hizmet-alanlari/web-tasarim,/web-tasarim,Tek Yönlendirme,Aktif,
/hizmet-alanlari/wordpress-web-sitesi,/blog/tags/wordpress,Tek Yönlendirme,Aktif,
/ar/sozlesmeler/iptal-ve-iade-politikasi,/,Tek Yönlendirme,Aktif,
/hizmet-alanlari/ozel-yazilim-gelistirme,/kurumsal-web-tasarim,Tek Yönlendirme,Aktif,
/gizlilik-politikasi,/sozlesmeler/gizlilik-politikasi,Tek Yönlendirme,Aktif,
/mail-services,/iletisim-formu,Tek Yönlendirme,Aktif,
/hizmet-alanlari/isletme-web-sitesi,/kurumsal-web-tasarim,Tek Yönlendirme,Aktif,
/hizmetlerimiz,/seo-hizmetleri,Tek Yönlendirme,Aktif,
/ar/post/ما-هي-بلاكفاي-العلامة-التجارية-الأمثل-لتحسين-محركات-البحث-والتسويق-الرقمي,/,Tek Yönlendirme,Aktif,
/en/hizmet-alanlari/kisisel-web-sitesi,/en,Tek Yönlendirme,Aktif,
/seo-paketleri,/seo-hizmetleri,Tek Yönlendirme,Aktif,
/ar/sozlesmeler/hizmet-kosullari,/,Tek Yönlendirme,Aktif,
/de/post/was-ist-blakfy-die-richtige-marke-für-seo-und-digitales-marketing,/,Tek Yönlendirme,Aktif,
/hizmet-alanlari/seo-danismanligi,/seo-hizmetleri,Tek Yönlendirme,Aktif,
/ar/online-randevu,/,Tek Yönlendirme,Aktif,
/iletisim,/iletisim-formu,Tek Yönlendirme,Aktif,
/guncel-haberler/saglikta-chatbot-ile-hasta-iletisimi,/post/google-ads-saglik-klinikleri-2025,Tek Yönlendirme,Aktif,
/ar/google-ads-reklam-yonetimi,/,Tek Yönlendirme,Aktif,
/portfolyo-cv-web-siteleri,/portfolyo-web-sitesi,Tek Yönlendirme,Aktif,
/mail-hizmetlerimiz,/iletisim-formu,Tek Yönlendirme,Aktif,
/profil/c9d0d6ac-9225-4ea1-b305-ea967213173a/profile,/,Tek Yönlendirme,Aktif,
/ar/google-benim-isletmem,/,Tek Yönlendirme,Aktif,
/hizmetlerimiz-1/kişisel-web-sitesi,/portfolyo-web-sitesi,Tek Yönlendirme,Aktif,
/en/sozlesmeler/ön-bilgilendirme-formu,/sozlesmeler/on-bilgilendirme-formu,Tek Yönlendirme,Aktif,
/web-hizmetlerimiz,/web-tasarim,Tek Yönlendirme,Aktif,
/ideasoft,/seo-hizmetleri,Tek Yönlendirme,Aktif,
/en/hizmet-alanlari/wordpress-web-sitesi,/en,Tek Yönlendirme,Aktif,
/kullanım-koşulları,/sozlesmeler/kullanim-kosullari,Tek Yönlendirme,Aktif,
/ar/refer-friends,/,Tek Yönlendirme,Aktif,
/en/backlink-paketleri,/seo-hizmetleri/backlink-olusturma,Tek Yönlendirme,Aktif,
/email-pazarlama,/dijital-pazarlama-danismanligi,Tek Yönlendirme,Aktif,
/google-harita-kaydi-satin-al,/google-benim-isletmem,Tek Yönlendirme,Aktif,
/ar/post/بلاكفي-أم-بلاكفاي-أيهما-الأنسب,/,Tek Yönlendirme,Aktif,
/sozlesmeler/mesafeli-satis-sozlesmesi,/sozlesmeler/kullanim-kosullari,Tek Yönlendirme,Aktif,
/hizmet-alanlari/e-ticaret-web-sitesi,/e-ticaret-sitesi-tasarimi,Tek Yönlendirme,Aktif,
/seo,/tasarim-sablonlari,Tek Yönlendirme,Aktif,
/bolt-performance?evid&src=72,/,Tek Yönlendirme,Aktif,
/ar/referral,/,Tek Yönlendirme,Aktif,
/about,/,Tek Yönlendirme,Aktif,
/ar/e-ticaret-sitesi-tasarimi,/,Tek Yönlendirme,Aktif,
/ar/post/ما-هو-بلاكفي-الوجهة-الأمثل-للتسويق-الرقمي-في-تركيا-والعالم,/,Tek Yönlendirme,Aktif,
/en/guncel-haberler/wix-halkbank-sanal-pos-entegrasyonu,/guncel-haberler,Tek Yönlendirme,Aktif,
/ar/seo-hizmetleri/backlink-olusturma,/,Tek Yönlendirme,Aktif,
/de/sozlesmeler/kullanim-kosullari,/,Tek Yönlendirme,Aktif,
/cart-page,/,Tek Yönlendirme,Aktif,
/erişebilirlik-bildirimi,/sozlesmeler/kullanim-kosullari,Tek Yönlendirme,Aktif,
/ekibimiz,/kariyer,Tek Yönlendirme,Aktif,
/web-sitesi-hizlandirma,/web-tasarim,Tek Yönlendirme,Aktif,
/en/google-harita-kaydi-satin-al,/en,Tek Yönlendirme,Aktif,
/hizmet-alanlari/kisisel-web-sitesi,/portfolyo-web-sitesi,Tek Yönlendirme,Aktif,
/ar/sozlesmeler/uyelik-sozlesmesi,/,Tek Yönlendirme,Aktif,
/post/blakfy-nedir-1,/post/blakfy-nedir,Tek Yönlendirme,Aktif,
/bolt-performance,/,Tek Yönlendirme,Aktif,
/de/challenge-page/36ee2f39-6d2a-43e8-aaf9-935a80a3d2c0,/,Tek Yönlendirme,Aktif,
/e-posta-pazarlama,/seo-hizmetleri,Tek Yönlendirme,Aktif,
/guncel-haberler/saglik-reklamlarinda-donusum-takibi,/post/google-ads-saglik-klinikleri-2025,Tek Yönlendirme,Aktif,
/ru,/en,Tek Yönlendirme,Aktif,
/ar/sozlesmeler/ön-bilgilendirme-formu,/,Tek Yönlendirme,Aktif,
/site-ici-seo-duzenlemesi,/seo-hizmetleri/teknik-seo,Tek Yönlendirme,Aktif,
/ar,/en,Tek Yönlendirme,Aktif,
/guncel-haberler/denizbank-sanal-pos-wixe-eklenir-mi,/post/wix-sanal-pos-entegrasyonu,Tek Yönlendirme,Aktif,
/hizmetler,/seo-hizmetleri,Tek Yönlendirme,Aktif,
/tanitim-yazisi-satin-al,/seo-hizmetleri,Tek Yönlendirme,Aktif,
/erisilebilirlik-bildirimi,/sozlesmeler/gizlilik-politikasi,Tek Yönlendirme,Aktif,
/seo-raporu,/seo-hizmetleri,Tek Yönlendirme,Aktif,
/ar/guncel-haberler/wix-studio-ai-icerik-modulu,/,Tek Yönlendirme,Aktif,
/ar/destek-talep-formu,/,Tek Yönlendirme,Aktif,
/category/all-products,/,Tek Yönlendirme,Aktif,
/hakkında,/,Tek Yönlendirme,Aktif,
/post/useeffect-etkin-kullanimi,/post/react-te-useeffect-hook-unun-etkin-kullanimi,Tek Yönlendirme,Aktif,
/guncel-haberler/site-ici-seo-duzenle-turkiye-5-hata,/seo-hizmetleri/teknik-seo,Tek Yönlendirme,Aktif,
/en/paketlerimiz,/paketlerimiz,Tek Yönlendirme,Aktif,
/pricing-plans,/paketlerimiz,Tek Yönlendirme,Aktif,
/de/post/was-ist-blakfy-die-richtige-adresse-für-digitales-marketing-in-der-türkei-und-weltweit,/,Tek Yönlendirme,Aktif,
/guncel-haberler/wix-denizbank-sanal-pos-entegrasyonu,/post/wix-sanal-pos-entegrasyonu,Tek Yönlendirme,Aktif,
/online-randevu,/iletisim-formu,Tek Yönlendirme,Aktif,
/ar/post/أسعار-تصميم-الويب-لعام-2025-ما-الذي-يعتمد-على-ماذا,/,Tek Yönlendirme,Aktif,